protocol_id,seed,beta,schedule,spatial_mode,duration_s,current_uA,pulse_width_us,total_pulses,initial_trials,relearn_trials,weight_erasure,residual_performance,savings,criticality_distance,trace_auc_proxy,health,energy_cost,firing_rate_hz,active_channel_fraction,branching_ratio,path_erasure,residual_trace_correlation
b-1_static_independent_0.25s_1uA,1,-1.0,static,independent,0.25,1.0,160,9,16,16,-0.3991005198617821,0.0,6.250000517127319e-11,0.705305221825829,0.8001590396368391,0.30686912636217695,0.0028799999999999997,0.703125,0.140625,1.0,-0.39910333978062407,0.9999997518346863
b0_static_correlated_0.25s_1.4uA,1,0.0,static,correlated,0.25,1.4,160,36,16,16,-0.3991005198617821,0.0,6.250000517127319e-11,0.705305221825829,0.8001590396368391,0.30686912636217695,0.016128,0.703125,0.140625,1.0,-0.39910333978062407,0.9999997518346863
b-1_static_independent_0.25s_1uA,2,-1.0,static,independent,0.25,1.0,160,10,16,16,-0.3993201959331354,0.0,6.250000517127319e-11,0.5300651087871654,0.7693431979746799,0.23867603566340714,0.0031999999999999997,0.546875,0.109375,1.0,1.0,0.9999993907118369
b0_static_correlated_0.25s_1.4uA,2,0.0,static,correlated,0.25,1.4,160,28,16,16,-0.3993201959331354,0.0,6.250000517127319e-11,0.5300651087871654,0.7693431979746799,0.23867603566340714,0.012544,0.546875,0.109375,1.0,1.0,0.9999993907118369
b2_alternating_blue_red_phase_shifted_0.25s_2uA,1,2.0,alternating_blue_red,phase_shifted,0.25,2.0,160,52,16,16,-0.3991005198617821,0.0,6.250000517127319e-11,0.705305221825829,0.8001590396368391,0.30686912636217695,0.03328,0.703125,0.140625,1.0,-0.39910333978062407,0.9999997518346863
b1_epoch_pause_shared_0.25s_1.4uA,1,1.0,epoch_pause,shared,0.25,1.4,160,81,16,16,-0.3991005198617821,0.0,6.250000517127319e-11,0.705305221825829,0.8001590396368391,0.30686912636217695,0.036288,0.703125,0.140625,1.0,-0.39910333978062407,0.9999997518346863
b2_alternating_blue_red_phase_shifted_0.25s_2uA,2,2.0,alternating_blue_red,phase_shifted,0.25,2.0,160,36,16,16,-0.3993201959331354,0.0,6.250000517127319e-11,0.5300651087871654,0.7693431979746799,0.23867603566340714,0.023039999999999998,0.546875,0.109375,1.0,1.0,0.9999993907118369
b1_epoch_pause_shared_0.25s_1.4uA,2,1.0,epoch_pause,shared,0.25,1.4,160,50,16,16,-0.3993201959331354,0.0,6.250000517127319e-11,0.5300651087871654,0.7693431979746799,0.23867603566340714,0.0224,0.546875,0.109375,1.0,1.0,0.9999993907118369
